name,trials,clients,aggregators,dimension,rounds,status,wall_median_s,wall_min_s,wall_max_s,payload_median_kib,initial_loss,final_loss,clear_final_loss,max_abs_error_fixed_point,last_committed_round
clients_2,3,2,4,8,5,completed,1.2262459489284083,1.2091187379555777,1.253780953004025,456.759765625,2.606826767644664,2.3128769695857008,2.3128769695857008,0.0,5
baseline_4,3,4,4,8,5,completed,1.3800735210534185,1.3764670019736513,1.3956789600197226,590.2138671875,2.3931179627364485,2.1464798062821036,2.1464798062821036,0.0,5
clients_8,3,8,4,8,5,completed,1.7512445949250832,1.723082812037319,1.8155350330052897,863.5380859375,4.819355095635447,3.876546765274698,3.876546765274698,0.0,5
aggregators_7,3,4,7,8,5,completed,2.2259131351020187,2.218283917987719,2.2401184770278633,1469.052734375,2.3931179627364485,2.1464798062821036,2.1464798062821036,0.0,5
dimension_128,3,4,4,128,5,completed,2.133576664957218,1.7271445889491588,2.2873375840717927,1434.767578125,144.26651954575516,82.54244099367625,82.54244099367625,0.0,5
dimension_1024,3,4,4,1024,5,completed,1.979846635949798,1.745818768045865,2.1006980400998145,7754.8779296875,9211.251977425462,57.53878577617585,57.53878577617585,0.0,5
convergence_30,3,4,4,8,30,completed,5.138340236968361,5.121651050983928,5.13908488501329,2915.6513671875,2.3931179627364485,0.006893527412164651,0.006893527412164651,0.0,30
one_aggregator_down,1,4,4,8,3,completed,1.0277772330446169,1.0277772330446169,1.0277772330446169,349.7314453125,2.3931179627364485,1.2122650416098666,1.2122650416098666,0.0,3
two_aggregators_down,1,4,4,8,3,aborted,0.810923999059014,0.810923999059014,0.810923999059014,252.275390625,,,,,1
client_dropout,1,4,4,8,3,aborted,0.7858228329569101,0.7858228329569101,0.7858228329569101,237.177734375,,,,,1
bad_share,1,4,4,8,3,completed,1.0752594909863546,1.0752594909863546,1.0752594909863546,407.072265625,2.3931179627364485,1.2122650416098666,1.2122650416098666,0.0,3
bad_result,1,4,4,8,3,completed,1.1023518739966676,1.1023518739966676,1.1023518739966676,400.001953125,2.3931179627364485,1.2122650416098666,1.2122650416098666,0.0,3
server_model_tamper,1,4,4,8,3,aborted,0.7982222900027409,0.7982222900027409,0.7982222900027409,239.865234375,,,,,1
replayed_update,1,4,4,8,3,aborted,0.7909057069336995,0.7909057069336995,0.7909057069336995,262.1474609375,,,,,1
signed_poison,1,4,4,8,3,completed,1.1055380289908499,1.1055380289908499,1.1055380289908499,407.1376953125,2.3931179627364485,18.374236176169234,1.2122650416098666,5.0,3
