nmax,C,M,S,d,B_u,E_bar,model_mask_period,envelope_margin,M_min,multiplier,mismatch,proj_rho,proj_mask_ranking,proj_AUC,proj_TPR_FPR10,proj_r4_acceptance,proj_r4_continuation,proj_TPR_current,proj_FPR_current,proj_MR_in_C,full_rho,full_mask_ranking,full_AUC,full_TPR_FPR10,full_r4_acceptance,full_r4_continuation,full_TPR_current,full_FPR_current,full_MR_in_C
2,100,84000003,10000,21,1000000,1,28000001/70000,1/2,84000003,1,0,234419.01039680565,1.0,0.53125,0.0,0.75,False,0.25,0.25,True,747933.1650388928,1.0,0.5,0.0,0.1,True,1.0,0.875,True
2,100,105000004,10000,21,1000000,1,26250001/52500,10500001,84000003,5/4,0,293023.763702609,1.0,0.53125,0.0,0.75,False,0.25,0.25,True,934916.4584959783,1.0,0.5,0.0,0.1,True,1.0,0.875,True
2,100,126000005,10000,21,1000000,1,25200001/42000,42000003/2,84000003,3/2,0,351628.5170403351,1.0,0.53125,0.0,0.75,False,0.25,0.25,True,1121899.751977329,1.0,0.5,0.0,0.1,True,1.0,0.875,True
2,100,168000006,10000,21,1000000,1,28000001/35000,42000002,84000003,2,0,468838.02075941046,1.0,0.53125,0.0,0.75,False,0.25,0.25,True,1495866.330029136,1.0,0.5,0.0,0.1,True,1.0,0.875,True
2,100,336000012,10000,21,1000000,1,28000001/17500,126000005,84000003,4,0,937676.0416096947,1.0,0.53125,0.0,0.75,False,0.25,0.25,True,2991732.660064893,1.0,0.5,0.0,0.1,True,1.0,0.875,True
2,141075998544693/3125000000000000,37887,10000,21,451,1,12629/70000,1/2,37887,1,0,105.731367632764,1.0,1.0,1.0,0.0,False,1.0,1.0,False,337.34456373303624,0.9924812030075187,1.0,1.0,1.0,False,1.0,0.0,False
2,141075998544693/3125000000000000,47359,10000,21,451,1,47359/210000,9473/2,37887,5/4,0,132.1648296613762,1.0,1.0,1.0,0.05,False,1.0,0.9375,False,421.6829272622284,0.9924812030075187,1.0,1.0,1.0,False,1.0,0.0,False
2,141075998544693/3125000000000000,56831,10000,21,451,1,56831/210000,18945/2,37887,3/2,0,158.59846914284032,1.0,1.0,1.0,0.15,False,1.0,0.8125,False,506.02129237302495,0.9954887218045112,0.953125,1.0,0.95,False,1.0,0.0625,False
2,141075998544693/3125000000000000,75774,10000,21,451,1,12629/35000,18944,37887,2,0,211.46266054408278,1.0,1.0,1.0,0.2,False,1.0,0.8125,False,674.6890988629136,0.9954887218045112,0.390625,0.0,0.85,False,0.0,0.1875,False
2,141075998544693/3125000000000000,151548,10000,21,451,1,12629/17500,56831,37887,4,0,422.9254099169263,1.0,0.90625,0.75,0.45,False,1.0,0.5625,False,1349.3782416965537,0.9969924812030074,0.0625,0.0,0.3,False,0.0,0.75,False
2,141075998544693/1250000000000000,94839,10000,21,1129,1,31613/70000,1/2,94839,1,0,264.6674809717714,1.0,1.0,1.0,0.3,False,1.0,0.6875,False,844.4432280314127,0.9969924812030074,0.09375,0.0,0.7,False,0.0,0.3125,False
2,141075998544693/1250000000000000,118549,10000,21,1129,1,118549/210000,23711/2,94839,5/4,0,330.8350131955574,1.0,1.0,1.0,0.35,False,1.0,0.625,False,1055.5562697933578,0.9969924812030074,0.0625,0.0,0.45,False,0.0,0.5625,False
2,141075998544693/1250000000000000,142259,10000,21,1129,1,142259/210000,47421/2,94839,3/2,0,397.00254998817707,1.0,0.9375,0.75,0.4,False,1.0,0.625,False,1266.6692940515054,0.9969924812030074,0.0625,0.0,0.4,False,0.0,0.625,False
2,141075998544693/1250000000000000,189678,10000,21,1129,1,31613/35000,47420,94839,2,0,529.334855044654,1.0,0.796875,0.5,0.45,False,0.75,0.5625,False,1688.8864451717093,0.9969924812030074,0.078125,0.0,0.2,False,0.0,0.75,False
2,141075998544693/1250000000000000,379356,10000,21,1129,1,31613/17500,142259,94839,4,0,1058.669671228428,1.0,0.578125,0.0,0.6,False,0.5,0.375,False,3377.772916363564,0.9969924812030074,0.15625,0.0,0.2,False,0.5,0.75,False
2,141075998544693/625000000000000,189591,10000,21,2257,1,63197/70000,1/2,189591,1,0,529.0920664926286,1.0,0.796875,0.5,0.45,False,0.75,0.5625,False,1688.111797412023,0.9969924812030074,0.078125,0.0,0.2,False,0.0,0.75,False
2,141075998544693/625000000000000,236989,10000,21,2257,1,236989/210000,47399/2,189591,5/4,0,661.3657779292305,1.0,0.75,0.5,0.5,False,0.75,0.5,False,2110.141975625914,0.9969924812030074,0.109375,0.0,0.2,False,0.0,0.75,False
2,141075998544693/625000000000000,284387,10000,21,2257,1,284387/210000,94797/2,189591,3/2,0,793.6395327071555,1.0,0.65625,0.25,0.55,False,0.75,0.4375,False,2532.1721635895465,0.9969924812030074,0.125,0.0,0.2,False,0.25,0.75,False
2,141075998544693/625000000000000,379182,10000,21,2257,1,63197/35000,94796,189591,2,0,1058.1841783670654,1.0,0.578125,0.0,0.6,False,0.5,0.375,False,3376.2236114691495,0.9969924812030074,0.15625,0.0,0.2,False,0.5,0.75,False
2,141075998544693/625000000000000,758364,10000,21,2257,1,63197/17500,284387,189591,4,0,2116.368254459034,1.0,0.53125,0.0,0.65,False,0.5,0.3125,False,6752.447228836958,0.9969924812030074,0.296875,0.0,0.15,False,1.0,0.8125,False
2,4130879230797291/2500000000000000,1388019,10000,21,16524,1,462673/70000,1/2,1388019,1,0,3873.547988577281,1.0,0.53125,0.0,0.75,False,0.5,0.25,True,12358.873894966378,0.9984962406015038,0.421875,0.0,0.15,False,1.0,0.8125,True
2,4130879230797291/2500000000000000,1735024,10000,21,16524,1,108439/13125,173503,1388019,5/4,0,4841.935611941335,1.0,0.53125,0.0,0.75,False,0.25,0.25,True,15448.59459764642,0.9984962406015038,0.4375,0.0,0.15,False,1.0,0.8125,True
2,4130879230797291/2500000000000000,2082029,10000,21,16524,1,2082029/210000,694011/2,1388019,3/2,0,5810.323300272903,1.0,0.53125,0.0,0.75,False,0.25,0.25,True,18538.315305703793,0.9984962406015038,0.453125,0.0,0.15,False,1.0,0.8125,True
2,4130879230797291/2500000000000000,2776038,10000,21,16524,1,462673/35000,694010,1388019,2,0,7747.095890151824,1.0,0.53125,0.0,0.75,False,0.25,0.25,True,24717.747799494944,0.9984962406015038,0.453125,0.0,0.15,False,1.0,0.8125,True
2,4130879230797291/2500000000000000,5552076,10000,21,16524,1,462673/17500,2082029,1388019,4,0,15494.191870211936,1.0,0.53125,0.0,0.75,False,0.25,0.25,True,49435.49555583626,0.9984962406015038,0.46875,0.0,0.15,False,1.0,0.8125,True
5,100,210000007,10000,21,1000000,3,30000001/30000,1/2,210000007,1,0,586047.5246698987,1.0,0.53125,0.0,0.75,False,0.25,0.25,True,1869832.9080640282,1.0,0.5,0.0,0.1,True,1.0,0.875,True
5,100,262500009,10000,21,1000000,3,87500003/70000,52500003/2,210000007,5/4,0,732559.4064891147,1.0,0.53125,0.0,0.75,False,0.25,0.25,True,2337291.1373330867,1.0,0.5,0.0,0.1,True,1.0,0.875,True
5,100,315000011,10000,21,1000000,3,315000011/210000,105000005/2,210000007,3/2,0,879071.2883378626,1.0,0.53125,0.0,0.75,False,0.25,0.25,True,2804749.366585465,1.0,0.5,0.0,0.1,True,1.0,0.875,True
5,100,420000014,10000,21,1000000,3,30000001/15000,105000004,210000007,2,0,1172095.0492645423,1.0,0.53125,0.0,0.75,False,0.25,0.25,True,3739665.8161803493,1.0,0.5,0.0,0.1,True,1.0,0.875,True
5,100,840000028,10000,21,1000000,3,30000001/7500,315000011,210000007,4,0,2344190.0984778153,1.0,0.53125,0.0,0.75,False,0.25,0.25,True,7479331.6323473025,1.0,0.5,0.0,0.1,True,1.0,0.875,True
5,141075998544693/3125000000000000,94717,10000,21,451,3,13531/30000,1/2,94717,1,0,264.3269843881234,1.0,1.0,1.0,0.3,False,1.0,0.6875,False,843.3569596285024,0.9969924812030074,0.09375,0.0,0.7,False,0.0,0.3125,False
5,141075998544693/3125000000000000,118397,10000,21,451,3,118397/210000,23681/2,94717,5/4,0,330.410822671192,1.0,1.0,1.0,0.35,False,1.0,0.625,False,1054.2028522281403,0.9969924812030074,0.0625,0.0,0.45,False,0.0,0.5625,False
5,141075998544693/3125000000000000,142076,10000,21,451,3,35519/52500,23680,94717,3/2,0,396.4918011254972,1.0,0.9375,0.75,0.4,False,1.0,0.625,False,1265.0398727340653,0.9969924812030074,0.0625,0.0,0.4,False,0.0,0.625,False
5,141075998544693/3125000000000000,189434,10000,21,451,3,13531/15000,47359,94717,2,0,528.6539038323072,1.0,0.796875,0.5,0.45,False,0.75,0.5625,False,1686.713867763311,0.9969924812030074,0.078125,0.0,0.2,True,0.0,0.75,False
5,141075998544693/3125000000000000,378868,10000,21,451,3,13531/7500,142076,94717,4,0,1057.3078551474043,1.0,0.578125,0.0,0.6,False,0.5,0.375,False,3373.427751960852,0.9969924812030074,0.15625,0.0,0.2,True,0.5,0.75,False
5,141075998544693/1250000000000000,237097,10000,21,1129,3,33871/30000,1/2,237097,1,0,661.6671805724931,1.0,0.75,0.5,0.5,False,0.75,0.5,False,2111.1036095998647,0.9969924812030074,0.109375,0.0,0.2,True,0.0,0.75,False
5,141075998544693/1250000000000000,296372,10000,21,1129,3,74093/52500,29638,237097,5/4,0,827.0860327775038,1.0,0.640625,0.25,0.6,False,0.5,0.375,False,2638.8861975257423,0.9969924812030074,0.125,0.0,0.2,True,0.25,0.75,False
5,141075998544693/1250000000000000,355646,10000,21,1129,3,177823/105000,59275,237097,3/2,0,992.5021746438406,1.0,0.59375,0.25,0.6,False,0.5,0.375,False,3166.659867474931,0.9969924812030074,0.140625,0.0,0.2,True,0.5,0.75,False
5,141075998544693/1250000000000000,474194,10000,21,1129,3,33871/15000,118549,237097,2,0,1323.334346508028,1.0,0.546875,0.0,0.6,False,0.5,0.375,False,4222.207227347477,0.9969924812030074,0.234375,0.0,0.2,True,0.5,0.75,False
5,141075998544693/1250000000000000,948388,10000,21,1129,3,33871/7500,355646,237097,4,0,2646.668726976838,1.0,0.53125,0.0,0.7,False,0.5,0.25,False,8444.41442595761,0.9969924812030074,0.359375,0.0,0.15,True,1.0,0.8125,False
5,141075998544693/625000000000000,473977,10000,21,2257,3,67711/30000,1/2,473977,1,0,1322.7287515607868,1.0,0.546875,0.0,0.6,False,0.5,0.375,False,4220.27507601449,0.9969924812030074,0.234375,0.0,0.2,True,0.5,0.75,False
5,141075998544693/625000000000000,592472,10000,21,2257,3,74059/26250,59248,473977,5/4,0,1653.413084487496,1.0,0.53125,0.0,0.6,False,0.5,0.375,False,5275.350492017078,0.9969924812030074,0.265625,0.0,0.2,True,0.5,0.75,False
5,141075998544693/625000000000000,710966,10000,21,2257,3,355483/105000,118495,473977,3/2,0,1984.0945658198705,1.0,0.53125,0.0,0.65,False,0.5,0.3125,False,6330.4170380875,0.9969924812030074,0.296875,0.0,0.15,True,0.75,0.8125,False
5,141075998544693/625000000000000,947954,10000,21,2257,3,67711/15000,236989,473977,2,0,2645.4575167111047,1.0,0.53125,0.0,0.7,False,0.5,0.25,False,8440.550123422418,0.9969924812030074,0.359375,0.0,0.15,True,1.0,0.8125,False
5,141075998544693/625000000000000,1895908,10000,21,2257,3,67711/7500,710966,473977,4,0,5290.915008963975,1.0,0.53125,0.0,0.75,False,0.25,0.25,False,16881.10023308789,0.9984962406015038,0.4375,0.0,0.15,True,1.0,0.8125,False
5,4130879230797291/2500000000000000,3470047,10000,21,16524,3,495721/30000,1/2,3470047,1,0,9683.868495631568,1.0,0.53125,0.0,0.75,False,0.25,0.25,True,30897.180261993417,0.9984962406015038,0.453125,0.0,0.15,True,1.0,0.8125,True
5,4130879230797291/2500000000000000,4337559,10000,21,16524,3,1445853/70000,867513/2,3470047,5/4,0,12104.836286828351,1.0,0.53125,0.0,0.75,False,0.25,0.25,True,38621.477577165526,0.9984962406015038,0.453125,0.0,0.15,True,1.0,0.8125,True
5,4130879230797291/2500000000000000,5205071,10000,21,16524,3,5205071/210000,1735025/2,3470047,3/2,0,14525.804158676356,1.0,0.53125,0.0,0.75,False,0.25,0.25,True,46345.77488017504,0.9984962406015038,0.46875,0.0,0.15,True,1.0,0.8125,True
5,4130879230797291/2500000000000000,6940094,10000,21,16524,3,495721/15000,1735024,3470047,2,0,19367.73699873328,1.0,0.53125,0.0,0.75,False,0.25,0.25,True,61794.360547800294,0.9984962406015038,0.484375,0.0,0.15,True,1.0,0.8125,True
5,4130879230797291/2500000000000000,13880188,10000,21,16524,3,495721/7500,5205071,3470047,4,0,38735.47407787921,1.0,0.53125,0.0,0.75,False,0.25,0.25,True,123588.7210800019,1.0,0.5,0.0,0.1,True,1.0,0.875,True
10,100,420000011,10000,21,1000000,5,420000011/210000,1/2,420000011,1,0,1172095.0408888229,1.0,0.53125,0.0,0.75,False,0.25,0.25,True,3739665.789462931,1.0,0.5,0.0,0.1,True,1.0,0.875,True
10,100,525000014,10000,21,1000000,5,37500001/15000,52500002,420000011,5/4,0,1465118.8017382626,1.0,0.53125,0.0,0.75,False,0.25,0.25,True,4674582.23905254,1.0,0.5,0.0,0.1,True,1.0,0.875,True
10,100,630000017,10000,21,1000000,5,630000017/210000,210000007/2,420000011,3/2,0,1758142.5627431269,1.0,0.53125,0.0,0.75,False,0.25,0.25,True,5609498.688670972,1.0,0.5,0.0,0.1,True,1.0,0.875,True
10,100,840000022,10000,21,1000000,5,420000011/105000,210000006,420000011,2,0,2344190.081775099,1.0,0.53125,0.0,0.75,False,0.25,0.25,True,7479331.578930864,1.0,0.5,0.0,0.1,True,1.0,0.875,True
10,100,1680000044,10000,21,1000000,5,420000011/52500,630000017,420000011,4,0,4688380.163452518,1.0,0.53125,0.0,0.75,False,0.25,0.25,True,14958663.157835994,1.0,0.5,0.0,0.1,True,1.0,0.875,True
10,141075998544693/3125000000000000,189431,10000,21,451,5,189431/210000,1/2,189431,1,0,528.6455232929875,1.0,0.796875,0.5,0.45,True,0.75,0.5625,False,1686.6871716783335,0.9969924812030074,0.078125,0.0,0.2,True,0.0,0.75,False
10,141075998544693/3125000000000000,236789,10000,21,451,5,33827/30000,47359/2,189431,5/4,0,660.8076382382908,1.0,0.75,0.5,0.5,True,0.75,0.5,False,2108.3611863050164,0.9969924812030074,0.109375,0.0,0.2,True,0.0,0.75,False
10,141075998544693/3125000000000000,284147,10000,21,451,5,284147/210000,94717/2,189431,3/2,0,792.9697111980411,1.0,0.65625,0.25,0.55,False,0.75,0.4375,False,2530.0352097940668,0.9969924812030074,0.125,0.0,0.2,True,0.25,0.75,False
10,141075998544693/3125000000000000,378862,10000,21,451,5,189431/105000,94716,189431,2,0,1057.2911133511916,1.0,0.578125,0.0,0.6,False,0.5,0.375,False,3373.3743415367776,0.9969924812030074,0.15625,0.0,0.2,True,0.5,0.75,False
10,141075998544693/3125000000000000,757724,10000,21,451,5,189431/52500,284147,189431,4,0,2114.582135462664,1.0,0.53125,0.0,0.65,False,0.5,0.3125,False,6746.748683605703,0.9969924812030074,0.296875,0.0,0.15,True,1.0,0.8125,False
10,141075998544693/1250000000000000,474191,10000,21,1129,5,474191/210000,1/2,474191,1,0,1323.3259291749441,1.0,0.546875,0.0,0.6,False,0.5,0.375,False,4222.180497619071,0.9969924812030074,0.234375,0.0,0.2,True,0.5,0.75,False
10,141075998544693/1250000000000000,592739,10000,21,1129,5,84677/30000,118549/2,474191,5/4,0,1654.1581720148247,1.0,0.53125,0.0,0.6,False,0.5,0.375,False,5277.727836004606,0.9969924812030074,0.265625,0.0,0.2,True,0.5,0.75,False
10,141075998544693/1250000000000000,711287,10000,21,1129,5,711287/210000,237097/2,474191,3/2,0,1984.9903776094898,1.0,0.53125,0.0,0.65,False,0.5,0.3125,False,6333.2751907229385,0.9969924812030074,0.296875,0.0,0.15,True,0.75,0.8125,False
10,141075998544693/1250000000000000,948382,10000,21,1129,5,474191/105000,237096,474191,2,0,2646.6519446559782,1.0,0.53125,0.0,0.7,False,0.5,0.25,False,8444.361013926022,0.9969924812030074,0.359375,0.0,0.15,True,1.0,0.8125,False
10,141075998544693/1250000000000000,1896764,10000,21,1129,5,474191/52500,711287,474191,4,0,5293.303881634239,1.0,0.53125,0.0,0.75,False,0.25,0.25,False,16888.722044023554,0.9984962406015038,0.4375,0.0,0.15,True,1.0,0.8125,False
10,141075998544693/625000000000000,947951,10000,21,2257,5,947951/210000,1/2,947951,1,0,2645.449055687267,1.0,0.53125,0.0,0.7,False,0.5,0.25,False,8440.523391027866,0.9969924812030074,0.359375,0.0,0.15,True,1.0,0.8125,False
10,141075998544693/625000000000000,1184939,10000,21,2257,5,169277/30000,236989/2,947951,5/4,0,3306.8120967311543,1.0,0.53125,0.0,0.7,False,0.5,0.25,False,10550.656480651152,0.9984962406015038,0.390625,0.0,0.15,True,1.0,0.8125,False
10,141075998544693/625000000000000,1421927,10000,21,2257,5,1421927/210000,473977/2,947951,3/2,0,3968.175126898749,1.0,0.53125,0.0,0.75,False,0.5,0.25,False,12660.789571678879,0.9984962406015038,0.421875,0.0,0.15,True,1.0,0.8125,False
10,141075998544693/625000000000000,1895902,10000,21,2257,5,947951/105000,473976,947951,2,0,5290.898310833632,1.0,0.53125,0.0,0.75,False,0.25,0.25,False,16881.046844550467,0.9984962406015038,0.4375,0.0,0.15,True,1.0,0.8125,False
10,141075998544693/625000000000000,3791804,10000,21,2257,5,947951/52500,1421927,947951,4,0,10581.796513748013,1.0,0.53125,0.0,0.75,False,0.25,0.25,False,33762.093639602645,0.9984962406015038,0.453125,0.0,0.15,True,1.0,0.8125,False
10,4130879230797291/2500000000000000,6940091,10000,21,16524,5,6940091/210000,1/2,6940091,1,0,19367.72865709998,1.0,0.53125,0.0,0.75,False,0.25,0.25,True,61794.333806231196,0.9984962406015038,0.484375,0.0,0.15,True,1.0,0.8125,True
10,4130879230797291/2500000000000000,8675114,10000,21,16524,5,619651/15000,867512,6940091,5/4,0,24209.6615140548,1.0,0.53125,0.0,0.75,False,0.25,0.25,True,77242.91950832796,1.0,0.484375,0.0,0.1,True,1.0,0.875,True
10,4130879230797291/2500000000000000,10410137,10000,21,16524,5,10410137/210000,3470047/2,6940091,3/2,0,29051.594375300327,1.0,0.53125,0.0,0.75,False,0.25,0.25,True,92691.50520355074,1.0,0.484375,0.0,0.1,True,1.0,0.875,True
10,4130879230797291/2500000000000000,13880182,10000,21,16524,5,6940091/105000,3470046,6940091,2,0,38735.457327765886,1.0,0.53125,0.0,0.75,False,0.25,0.25,True,123588.66766903253,1.0,0.5,0.0,0.1,True,1.0,0.875,True
10,4130879230797291/2500000000000000,27760364,10000,21,16524,5,6940091/52500,10410137,6940091,4,0,77470.91459941966,1.0,0.53125,0.0,0.75,False,0.25,0.25,True,247177.3353184229,1.0,0.5,0.0,0.1,True,1.0,0.875,True
20,100,840000021,10000,21,1000000,10,40000001/10000,1/2,840000021,1,0,2344190.0789670125,1.0,0.53125,0.0,0.75,True,0.25,0.25,True,7479331.570038095,1.0,0.5,0.0,0.1,True,1.0,0.875,True
20,100,1050000027,10000,21,1000000,10,350000009/70000,210000007/2,840000021,5/4,0,2930237.6007670574,1.0,0.53125,0.0,0.75,True,0.25,0.25,True,9349164.469208378,1.0,0.5,0.0,0.1,True,1.0,0.875,True
20,100,1260000032,10000,21,1000000,10,78750002/13125,210000006,840000021,3/2,0,3516285.1198217766,1.0,0.53125,0.0,0.75,True,0.25,0.25,True,11218997.359503977,1.0,0.5,0.0,0.1,True,1.0,0.875,True
20,100,1680000042,10000,21,1000000,10,40000001/5000,420000011,840000021,2,0,4688380.157904621,1.0,0.53125,0.0,0.75,True,0.25,0.25,True,14958663.140049819,1.0,0.5,0.0,0.1,True,1.0,0.875,True
20,100,3360000084,10000,21,1000000,10,40000001/2500,1260000032,840000021,4,0,9376760.315819893,1.0,0.53125,0.0,0.75,True,0.25,0.25,True,29917326.280106477,1.0,0.5,0.0,0.1,True,1.0,0.875,True
20,141075998544693/3125000000000000,378861,10000,21,451,10,18041/10000,1/2,378861,1,0,1057.2883017550655,1.0,0.578125,0.0,0.6,True,0.5,0.375,False,3373.3654325924226,0.9969924812030074,0.15625,0.0,0.2,True,0.5,0.75,False
20,141075998544693/3125000000000000,473577,10000,21,451,10,157859/70000,94717/2,378861,5/4,0,1321.6125366301321,1.0,0.546875,0.0,0.6,True,0.5,0.375,False,4216.713469083861,0.9969924812030074,0.234375,0.0,0.2,True,0.5,0.75,False
20,141075998544693/3125000000000000,568292,10000,21,451,10,142073/52500,94716,378861,3/2,0,1585.9337836230022,1.0,0.53125,0.0,0.6,True,0.5,0.375,False,5060.052634403504,0.9969924812030074,0.25,0.0,0.2,True,0.5,0.75,False
20,141075998544693/3125000000000000,757722,10000,21,451,10,18041/5000,189431,378861,2,0,2114.576580522995,1.0,0.53125,0.0,0.65,True,0.5,0.3125,False,6746.73087535819,0.9969924812030074,0.296875,0.0,0.15,True,1.0,0.8125,False
20,141075998544693/3125000000000000,1515444,10000,21,451,10,18041/2500,568292,378861,4,0,4229.153207356827,1.0,0.53125,0.0,0.75,True,0.5,0.25,False,13493.461750447123,0.9984962406015038,0.421875,0.0,0.15,True,1.0,0.8125,False
20,141075998544693/1250000000000000,948381,10000,21,1129,10,45161/10000,1/2,948381,1,0,2646.649141214845,1.0,0.53125,0.0,0.7,True,0.5,0.25,False,8444.352118169096,0.9969924812030074,0.359375,0.0,0.15,True,1.0,0.8125,False
20,141075998544693/1250000000000000,1185477,10000,21,1129,10,395159/70000,237097/2,948381,5/4,0,3308.3135383638655,1.0,0.53125,0.0,0.7,True,0.5,0.25,False,10555.446827650103,0.9984962406015038,0.390625,0.0,0.15,True,1.0,0.8125,False
20,141075998544693/1250000000000000,1422572,10000,21,1129,10,355643/52500,237096,948381,3/2,0,3969.975098223709,1.0,0.53125,0.0,0.75,True,0.5,0.25,False,12666.532607037663,0.9984962406015038,0.421875,0.0,0.15,True,1.0,0.8125,False
20,141075998544693/1250000000000000,1896762,10000,21,1129,10,45161/5000,474191,948381,2,0,5293.298259462717,1.0,0.53125,0.0,0.75,True,0.25,0.25,False,16888.704231088814,0.9984962406015038,0.4375,0.0,0.15,True,1.0,0.8125,False
20,141075998544693/1250000000000000,3793524,10000,21,1129,10,45161/2500,1422572,948381,4,0,10586.596494150184,1.0,0.53125,0.0,0.75,True,0.25,0.25,False,33777.40844524304,0.9984962406015038,0.453125,0.0,0.15,True,1.0,0.8125,False
20,141075998544693/625000000000000,1895901,10000,21,2257,10,90281/10000,1/2,1895901,1,0,5290.895440562554,1.0,0.53125,0.0,0.75,True,0.25,0.25,False,16881.037906473823,0.9984962406015038,0.4375,0.0,0.15,True,1.0,0.8125,False
20,141075998544693/625000000000000,2369877,10000,21,2257,10,789959/70000,473977/2,1895901,5/4,0,6613.621446257717,1.0,0.53125,0.0,0.75,True,0.25,0.25,False,21101.304068428923,0.9984962406015038,0.453125,0.0,0.15,True,1.0,0.8125,False
20,141075998544693/625000000000000,2843852,10000,21,2257,10,710963/52500,473976,1895901,3/2,0,7936.344655929161,1.0,0.53125,0.0,0.75,True,0.25,0.25,False,25321.561315585677,0.9984962406015038,0.453125,0.0,0.15,True,1.0,0.8125,False
20,141075998544693/625000000000000,3791802,10000,21,2257,10,90281/5000,947951,1895901,2,0,10581.790913405566,1.0,0.53125,0.0,0.75,True,0.25,0.25,False,33762.075818879326,0.9984962406015038,0.453125,0.0,0.15,True,1.0,0.8125,False
20,141075998544693/625000000000000,7583604,10000,21,2257,10,90281/2500,2843852,1895901,4,0,21163.581955625297,1.0,0.53125,0.0,0.75,True,0.25,0.25,False,67524.15167381291,0.9984962406015038,0.484375,0.0,0.15,True,1.0,0.8125,False
20,4130879230797291/2500000000000000,13880181,10000,21,16524,10,660961/10000,1/2,13880181,1,0,38735.45454231408,1.0,0.53125,0.0,0.75,True,0.25,0.25,True,123588.65875683728,1.0,0.5,0.0,0.1,True,1.0,0.875,True
20,4130879230797291/2500000000000000,17350227,10000,21,16524,10,5783409/70000,3470047/2,13880181,5/4,0,48419.320209492216,1.0,0.53125,0.0,0.75,True,0.25,0.25,True,154485.8301457307,1.0,0.5,0.0,0.1,True,1.0,0.875,True
20,4130879230797291/2500000000000000,20820272,10000,21,16524,10,1301267/13125,3470046,13880181,3/2,0,58103.183162013054,1.0,0.53125,0.0,0.75,True,0.25,0.25,True,185382.99257523654,1.0,0.5,0.0,0.1,True,1.0,0.875,True
20,4130879230797291/2500000000000000,27760362,10000,21,16524,10,660961/5000,6940091,13880181,2,0,77470.90901937836,1.0,0.53125,0.0,0.75,True,0.25,0.25,True,247177.31752116687,1.0,0.5,0.0,0.1,True,1.0,0.875,True
20,4130879230797291/2500000000000000,55520724,10000,21,16524,10,660961/2500,20820272,13880181,4,0,154941.81805194175,1.0,0.53125,0.0,0.75,True,0.25,0.25,True,494354.6350378373,1.0,0.5,0.0,0.1,True,1.0,0.875,True
